-- Habib Benmerzouka
USE priam_app;


-- ------------------------------------------
-- -------- TABLE PRIAM_STATUT --------------
-- ------------------------------------------
INSERT INTO priam_app.PRIAM_STATUT
(CODE, LIBELLE) VALUES
    ('EN_COURS', 'En cours');

INSERT INTO priam_app.PRIAM_STATUT
(CODE, LIBELLE) VALUES
    ('CHARGEMENT_OK', 'Chargement OK');

INSERT INTO priam_app.PRIAM_STATUT
(CODE, LIBELLE) VALUES
    ('CHARGEMENT_KO', 'Chargement KO');

INSERT INTO priam_app.PRIAM_STATUT
(CODE, LIBELLE) VALUES
    ('AFFECTE', 'Affecté');

INSERT INTO priam_app.PRIAM_STATUT
(CODE, LIBELLE) VALUES
    ('ABANDONNE', 'Abandonné');

-- ---------------------------------------------------
-- ------ TABLE PRIAM_LIBFAMITYPUTIL --------------
-- -------------------------------------------------
INSERT INTO priam_app.PRIAM_LIBFAMITYPUTIL (CODE, LIBELLE, CDELNG) VALUES
    ('COPIEPRIV', 'Copie Privée', 'FR');

INSERT INTO priam_app.PRIAM_LIBFAMITYPUTIL
(CODE, LIBELLE, CDELNG) VALUES
    ('FDSVAL', 'Valorisation', 'FR');

INSERT INTO priam_app.PRIAM_LIBFAMITYPUTIL
(CODE, LIBELLE, CDELNG) VALUES
    ('FDSVAL', 'Support fund', 'EN');

INSERT INTO priam_app.PRIAM_LIBFAMITYPUTIL
(CODE, LIBELLE, CDELNG) VALUES
    ('UC', 'Usagers Communs', 'FR');

INSERT INTO priam_app.PRIAM_LIBFAMITYPUTIL
(CODE, LIBELLE, CDELNG) VALUES
    ('UC', 'General rights (Recorded)', 'EN');

-- ---------------------------------------------------
-- ------ TABLE PRIAM_LIBTYPUTIL ------------------------
-- ---------------------------------------------------
INSERT INTO priam_app.PRIAM_LIBTYPUTIL (CODE, LIBELLE, CDELNG)
VALUES ('CPRIVSONPH', 'Copie privée sonore Phono', 'FR');

INSERT INTO priam_app.PRIAM_LIBTYPUTIL (CODE, LIBELLE, CDELNG)
VALUES ('CPRIVAUDV', 'Copie Privée Audiovisuelle', 'FR');

INSERT INTO priam_app.PRIAM_LIBTYPUTIL (CODE, LIBELLE, CDELNG)
VALUES ('CPRIVSONRD', 'Copie Privée Sonore radio', 'FR');

INSERT INTO priam_app.PRIAM_LIBTYPUTIL (CODE, LIBELLE, CDELNG)
VALUES ('COPRIVSON', 'Copie Privée Sonore', 'FR');

INSERT INTO priam_app.PRIAM_LIBTYPUTIL (CODE, LIBELLE, CDELNG)
VALUES ('CPRIVAUDPL', 'Copie privée Audiov Litt', 'FR');

INSERT INTO priam_app.PRIAM_LIBTYPUTIL (CODE, LIBELLE, CDELNG)
VALUES ('CPRIVSONPH', 'Private copy sound (PHONO)', 'EN');

INSERT INTO priam_app.PRIAM_LIBTYPUTIL (CODE, LIBELLE, CDELNG)
VALUES ('CPRIVAUDV',  'Private copy audiovisual', 'EN');

INSERT INTO priam_app.PRIAM_LIBTYPUTIL (CODE, LIBELLE, CDELNG)
VALUES ('CPRIVSONRD', 'Private copy sound', 'EN');

INSERT INTO priam_app.PRIAM_LIBTYPUTIL (CODE, LIBELLE, CDELNG)
VALUES ('COPRIVSON', 'Copie Privée Sonore', 'EN');

INSERT INTO priam_app.PRIAM_LIBTYPUTIL (CODE, LIBELLE, CDELNG)
VALUES ('PRIME', 'Prime', 'FR');

INSERT INTO priam_app.PRIAM_LIBTYPUTIL (CODE, LIBELLE, CDELNG)
VALUES ('VALORIS', 'Fonds de valorisation', 'FR');

INSERT INTO priam_app.PRIAM_LIBTYPUTIL (CODE, LIBELLE, CDELNG)
VALUES ('ENCOURG', 'Encouragement', 'FR');

-- ---------------------------------------------------
-- ------ TABLE PRIAM_FAMILTYPUTIL -------------------
-- ---------------------------------------------------
INSERT INTO priam_app.PRIAM_FAMILTYPUTIL(CDEFAMILTYPUTIL, DATDBTVLD, DATFINVLD)
VALUES ('COPIEPRIV', CURDATE(), NULL);

INSERT INTO priam_app.PRIAM_FAMILTYPUTIL(CDEFAMILTYPUTIL, DATDBTVLD, DATFINVLD)
VALUES ('FDSVAL', CURDATE(), NULL);

-- INSERT INTO priam_app.PRIAM_FAMILTYPUTIL(CDEFAMILTYPUTIL, DATDBTVLD, DATFINVLD)
-- VALUES ('UC', CURDATE(), NULL);


-- ---------------------------------------------------
-- ------ TABLE PRIAM_TYPUTIL -------------------
-- ---------------------------------------------------
INSERT INTO priam_app.PRIAM_TYPUTIL(CDETYPUTIL, CDEFAMILTYPUTIL, DATDBTVLD, DATFINVLD)
VALUES ('CPRIVSONPH','COPIEPRIV', CURDATE(), NULL);

INSERT INTO priam_app.PRIAM_TYPUTIL(CDETYPUTIL, CDEFAMILTYPUTIL, DATDBTVLD, DATFINVLD)
VALUES ('CPRIVAUDV','COPIEPRIV', CURDATE(), NULL);

INSERT INTO priam_app.PRIAM_TYPUTIL(CDETYPUTIL, CDEFAMILTYPUTIL, DATDBTVLD, DATFINVLD)
VALUES ('CPRIVSONRD','COPIEPRIV', CURDATE(), NULL);

INSERT INTO priam_app.PRIAM_TYPUTIL(CDETYPUTIL, CDEFAMILTYPUTIL, DATDBTVLD, DATFINVLD)
VALUES ('COPRIVSON','COPIEPRIV', CURDATE(), '2000-06-01');

INSERT INTO priam_app.PRIAM_TYPUTIL(CDETYPUTIL, CDEFAMILTYPUTIL, DATDBTVLD, DATFINVLD)
VALUES ('CPRIVAUDPL','COPIEPRIV', CURDATE(), NULL);

INSERT INTO priam_app.PRIAM_TYPUTIL(CDETYPUTIL, CDEFAMILTYPUTIL, DATDBTVLD, DATFINVLD)
VALUES ('PRIME','FDSVAL', CURDATE(), NULL);

INSERT INTO priam_app.PRIAM_TYPUTIL(CDETYPUTIL, CDEFAMILTYPUTIL, DATDBTVLD, DATFINVLD)
VALUES ('VALORIS','FDSVAL', CURDATE(), NULL);


INSERT INTO priam_app.PRIAM_TYPUTIL(CDETYPUTIL, CDEFAMILTYPUTIL, DATDBTVLD, DATFINVLD)
VALUES ('ENCOURG','FDSVAL', CURDATE(), NULL);


INSERT INTO priam_app.PRIAM_FICHIER
(NOM, CDEFAMILTYPUTIL, CDETYPUTIL, DATE_DEBUT_CHGT, DATE_FIN_CHGT, NB_LIGNES, STATUT_CODE)
VALUES ('Fichier 01', 'COPIEPRIV', 'CPRIVAUDPL', '2017-02-04 17:15:14', NULL, 3000, 'EN_COURS');

INSERT INTO priam_app.PRIAM_FICHIER
(NOM, CDEFAMILTYPUTIL, CDETYPUTIL, DATE_DEBUT_CHGT, DATE_FIN_CHGT, NB_LIGNES, STATUT_CODE)
VALUES ('Fichier 02', 'COPIEPRIV', 'CPRIVAUDPL', '2017-02-03 17:15:14', NULL, 9500, 'EN_COURS');


INSERT INTO priam_app.PRIAM_FICHIER
(NOM, CDEFAMILTYPUTIL, CDETYPUTIL, DATE_DEBUT_CHGT, DATE_FIN_CHGT, NB_LIGNES, STATUT_CODE)
VALUES ('Fichier 03', 'COPIEPRIV', 'CPRIVAUDPL', '2017-02-01 17:15:14', NULL, 6500, 'EN_COURS');


INSERT INTO priam_app.PRIAM_FICHIER
(NOM, CDEFAMILTYPUTIL, CDETYPUTIL, DATE_DEBUT_CHGT, DATE_FIN_CHGT, NB_LIGNES, STATUT_CODE)
VALUES ('Fichier 04', 'COPIEPRIV', 'CPRIVAUDPL', '2017-04-01 17:15:14', NULL, 1478, 'EN_COURS');


INSERT INTO priam_app.PRIAM_FICHIER
(NOM, CDEFAMILTYPUTIL, CDETYPUTIL, DATE_DEBUT_CHGT, DATE_FIN_CHGT, NB_LIGNES, STATUT_CODE)
VALUES ('Fichier 05', 'COPIEPRIV', 'CPRIVAUDPL', '2017-05-01 17:10:14', NULL, 7451, 'EN_COURS');


INSERT INTO priam_app.PRIAM_FICHIER
(NOM, CDEFAMILTYPUTIL, CDETYPUTIL, DATE_DEBUT_CHGT, DATE_FIN_CHGT, NB_LIGNES, STATUT_CODE)
VALUES ('Fichier 06', 'COPIEPRIV', 'CPRIVAUDPL', '2017-05-02 18:15:14', NULL, 15000, 'EN_COURS');


INSERT INTO priam_app.PRIAM_FICHIER
(NOM, CDEFAMILTYPUTIL, CDETYPUTIL, DATE_DEBUT_CHGT, DATE_FIN_CHGT, NB_LIGNES, STATUT_CODE)
VALUES ('Fichier 08', 'COPIEPRIV', 'CPRIVAUDPL', '2017-02-01 17:15:14', NULL, 6500, 'EN_COURS');


INSERT INTO priam_app.PRIAM_FICHIER
(NOM, CDEFAMILTYPUTIL, CDETYPUTIL, DATE_DEBUT_CHGT, DATE_FIN_CHGT, NB_LIGNES, STATUT_CODE)
VALUES ('Fichier 09', 'COPIEPRIV', 'CPRIVAUDPL', '2017-04-01 17:15:14', '2017-04-01 22:10:11', 22000, 'CHARGEMENT_OK');


INSERT INTO priam_app.PRIAM_FICHIER
(NOM, CDEFAMILTYPUTIL, CDETYPUTIL, DATE_DEBUT_CHGT, DATE_FIN_CHGT, NB_LIGNES, STATUT_CODE)
VALUES ('Fichier 11', 'COPIEPRIV', 'CPRIVAUDPL', '2017-05-01 17:10:14', '2017-05-02 01:10:00', 45789, 'CHARGEMENT_OK');


INSERT INTO priam_app.PRIAM_FICHIER
(NOM, CDEFAMILTYPUTIL, CDETYPUTIL, DATE_DEBUT_CHGT, DATE_FIN_CHGT, NB_LIGNES, STATUT_CODE)
VALUES ('Fichier 12', 'COPIEPRIV', 'CPRIVAUDPL', '2017-05-02 18:15:14', '2017-05-01 18:50:04', 15000, 'CHARGEMENT_KO');


INSERT INTO priam_app.PRIAM_FICHIER
(NOM, CDEFAMILTYPUTIL, CDETYPUTIL, DATE_DEBUT_CHGT, DATE_FIN_CHGT, NB_LIGNES, STATUT_CODE)
VALUES ('Fichier 13', 'COPIEPRIV', 'CPRIVAUDPL', '2017-05-04 18:15:14', '2017-05-04 22:57:04', 15000, 'CHARGEMENT_KO');

INSERT INTO priam_app.PRIAM_FICHIER
(NOM, CDEFAMILTYPUTIL, CDETYPUTIL, DATE_DEBUT_CHGT, DATE_FIN_CHGT, NB_LIGNES, STATUT_CODE)
VALUES ('Fichier 15', 'COPIEPRIV', 'CPRIVAUDPL', '2017-05-24 16:00:14', '2017-05-24 22:57:04', 150780, 'AFFECTE');

INSERT INTO priam_app.PRIAM_FICHIER
(NOM, CDEFAMILTYPUTIL, CDETYPUTIL, DATE_DEBUT_CHGT, DATE_FIN_CHGT, NB_LIGNES, STATUT_CODE)
VALUES ('Fichier 17', 'COPIEPRIV', 'CPRIVAUDPL', '2017-05-24 16:00:14', '2017-05-24 22:57:04', 150780, 'ABANDONNE');

INSERT INTO priam_app.PRIAM_FICHIER
(NOM, CDEFAMILTYPUTIL, CDETYPUTIL, DATE_DEBUT_CHGT, DATE_FIN_CHGT, NB_LIGNES, STATUT_CODE)
VALUES ('Fichier 18', 'COPIEPRIV', 'CPRIVAUDPL', '2017-05-24 16:00:14', '2017-05-24 22:57:04', 150780, 'ABANDONNE');

INSERT INTO priam_app.PRIAM_FICHIER
(NOM, CDEFAMILTYPUTIL, CDETYPUTIL, DATE_DEBUT_CHGT, DATE_FIN_CHGT, NB_LIGNES, STATUT_CODE)
VALUES ('Fichier 19', 'COPIEPRIV', 'CPRIVAUDPL', '2017-05-24 16:00:14', '2017-05-24 22:57:04', 150780, 'ABANDONNE');

INSERT INTO priam_app.PRIAM_FICHIER
(NOM, CDEFAMILTYPUTIL, CDETYPUTIL, DATE_DEBUT_CHGT, DATE_FIN_CHGT, NB_LIGNES, STATUT_CODE)
VALUES ('Fichier 20', 'COPIEPRIV', 'CPRIVAUDPL', '2017-05-24 16:00:14', '2017-05-24 22:57:04', 150780, 'ABANDONNE');

INSERT INTO priam_app.PRIAM_FICHIER
(NOM, CDEFAMILTYPUTIL, CDETYPUTIL, DATE_DEBUT_CHGT, DATE_FIN_CHGT, NB_LIGNES, STATUT_CODE)
VALUES ('Fichier 21', 'COPIEPRIV', 'CPRIVAUDPL', '2017-05-24 16:00:14', '2017-05-24 22:57:04', 150780, 'ABANDONNE');

INSERT INTO priam_app.PRIAM_FICHIER
(NOM, CDEFAMILTYPUTIL, CDETYPUTIL, DATE_DEBUT_CHGT, DATE_FIN_CHGT, NB_LIGNES, STATUT_CODE)
VALUES ('Fichier 14', 'COPIEPRIV', 'CPRIVAUDPL', '2017-05-24 16:00:14', '2017-05-24 22:57:04', 150780, 'ABANDONNE');

INSERT INTO priam_app.PRIAM_LIGNE_PROGRAMME(id, cdeCisac, cdeTer, rionEffet, cdeFamilTypUtil, cdeModFac, numProg, keyLigPenel, cdeUtil, cdeTypUtil, cdeTypProg, cdeCompl, libProg, compLibProg, datDbtProg, datFinProg, hrDbt, hrFin, cdeGreDif, cdeModDif, cdeTypIde12, ide12, datDif, hrDif, durDif, nbrDif, mt, ctna, paramCoefHor, durDifCtna, cdeLng, indDoubSsTit, tax, typMt, ID_FICHIER) VALUES
    (1, 'FF_PENEF_EXTRANA_EXTCMSFRANCE_20170406140540.csv', '058', 250, 639, 'COPIEPRIV', '', NULL, NULL, 'F01', 'CPRIVAUDPL', 'PRINC', 'SANS', 'RADIO PRINC 639 250', '', '2016-07-01 00:00:00', '2016-12-31 00:00:00', NULL, NULL, '', '', 'COCV', 2194801411, NULL, NULL, NULL, 1, 19.61, '', '', NULL, '', '', NULL, 'MB', (SELECT ID FROM PRIAM_FICHIER WHERE NOM ='Fichier 01')),
    (2, 'FF_PENEF_EXTRANA_EXTCMSFRANCE_20170406140540.csv', '058', 250, 639, 'COPIEPRIV', '', NULL, NULL, 'RMC', 'CPRIVAUDPL', 'PRINC', 'SANS', 'RADIO PRINC 639 250', '', '2016-07-01 00:00:00', '2016-12-31 00:00:00', NULL, NULL, '', '', 'COCV', 8028354411, NULL, NULL, NULL, 2, 59.11, '', '', NULL, '', '', NULL, 'MB', (SELECT ID FROM PRIAM_FICHIER WHERE NOM ='Fichier 01')),
    (3, 'FF_PENEF_EXTRANA_EXTCMSFRANCE_20170406140540.csv', '058', 250, 639, 'COPIEPRIV', '', NULL, NULL, 'F03', 'CPRIVAUDPL', 'PRINC', 'SANS', 'RADIO PRINC 639 250', '', '2016-07-01 00:00:00', '2016-12-31 00:00:00', NULL, NULL, '', '', 'COCV', 2562871711, NULL, NULL, NULL, 1, 31.01, '', '', NULL, '', '', NULL, 'MB', (SELECT ID FROM PRIAM_FICHIER WHERE NOM ='Fichier 01')),
    (4, 'FF_PENEF_EXTRANA_EXTCMSFRANCE_20170406140540.csv', '058', 250, 639, 'COPIEPRIV', '', NULL, NULL, 'F03', 'COPRIVSON', 'PRINC', 'SANS', 'RADIO PRINC 639 250', '', '2016-07-01 00:00:00', '2016-12-31 00:00:00', NULL, NULL, '', '', 'COCV', 7404492511, NULL, NULL, NULL, 2, 43.21, '', '', NULL, '', '', NULL, 'MB', (SELECT ID FROM PRIAM_FICHIER WHERE NOM ='Fichier 01')),
    (5, 'FF_PENEF_EXTRANA_EXTCMSFRANCE_20170406140540.csv', '058', 250, 639, 'COPIEPRIV', '', NULL, NULL, 'F01', 'CPRIVAUDPL', 'PRINC', 'SANS', 'RADIO PRINC 639 250', '', '2016-07-01 00:00:00', '2016-12-31 00:00:00', NULL, NULL, '', '', 'COCV', 7404492511, NULL, NULL, NULL, 13, 1193.57, '', '', NULL, '', '', NULL, 'MB', (SELECT ID FROM PRIAM_FICHIER WHERE NOM ='Fichier 01')),
    (6, 'FF_PENEF_EXTRANA_EXTCMSFRANCE_20170406140540.csv', '058', 250, 639, 'COPIEPRIV', '', NULL, NULL, 'FUR', 'CPRIVAUDPL', 'PRINC', 'SANS', 'RADIO PRINC 639 250', '', '2016-07-01 00:00:00', '2016-12-31 00:00:00', NULL, NULL, '', '', 'COCV', 2752739911, NULL, NULL, NULL, 1, 12.86, '', '', NULL, '', '', NULL, 'MB', (SELECT ID FROM PRIAM_FICHIER WHERE NOM ='Fichier 01')),
    (7, 'FF_PENEF_EXTRANA_EXTCMSFRANCE_20170406140540.csv', '058', 250, 639, 'COPIEPRIV', '', NULL, NULL, 'F01', 'CPRIVAUDPL', 'PRINC', 'SANS', 'RADIO PRINC 639 250', '', '2016-07-01 00:00:00', '2016-12-31 00:00:00', NULL, NULL, '', '', 'COCV', 2508502411, NULL, NULL, NULL, 2, 163.54, '', '', NULL, '', '', NULL, 'MB', (SELECT ID FROM PRIAM_FICHIER WHERE NOM ='Fichier 01')),
    (8, 'FF_PENEF_EXTRANA_EXTCMSFRANCE_20170406140540.csv', '058', 250, 639, 'COPIEPRIV', '', NULL, NULL, 'F03', 'CPRIVAUDPL', 'PRINC', 'SANS', 'RADIO PRINC 639 250', '', '2016-07-01 00:00:00', '2016-12-31 00:00:00', NULL, NULL, '', '', 'COCV', 2956163411, NULL, NULL, NULL, 1, 209.43, '', '', NULL, '', '', NULL, 'MB', (SELECT ID FROM PRIAM_FICHIER WHERE NOM ='Fichier 01')),
    (9, 'FF_PENEF_EXTRANA_EXTCMSFRANCE_20170406140540.csv', '058', 250, 639, 'COPIEPRIV', '', NULL, NULL, 'F03', 'CPRIVAUDPL', 'PRINC', 'SANS', 'RADIO PRINC 639 250', '', '2016-07-01 00:00:00', '2016-12-31 00:00:00', NULL, NULL, '', '', 'COCV', 9941821311, NULL, NULL, NULL, 1, 73.88, '', '', NULL, '', '', NULL, 'MB', (SELECT ID FROM PRIAM_FICHIER WHERE NOM ='Fichier 01')),
    (10, 'FF_PENEF_EXTRANA_EXTCMSFRANCE_20170406140540.csv', '058', 250, 639, 'COPIEPRIV', '', NULL, NULL, 'F01', 'CPRIVAUDPL', 'PRINC', 'SANS', 'RADIO PRINC 639 250', '', '2016-07-01 00:00:00', '2016-12-31 00:00:00', NULL, NULL, '', '', 'COCV', 9941821311, NULL, NULL, NULL, 2, 155.41, '', '', NULL, '', '', NULL, 'MB', (SELECT ID FROM PRIAM_FICHIER WHERE NOM ='Fichier 01'));




INSERT INTO priam_app.PRIAM_STATUT_PROGRAMME
(CODE, LIBELLE) VALUES
    ('EN_COURS', 'En cours');

INSERT INTO priam_app.PRIAM_STATUT_PROGRAMME
(CODE, LIBELLE) VALUES
    ('CREE', 'Créé');

INSERT INTO priam_app.PRIAM_STATUT_PROGRAMME
(CODE, LIBELLE) VALUES
    ('AFFECTE', 'Affecté');

INSERT INTO priam_app.PRIAM_STATUT_PROGRAMME
(CODE, LIBELLE) VALUES
    ('VALIDE', 'Validé');

INSERT INTO priam_app.PRIAM_STATUT_PROGRAMME
(CODE, LIBELLE) VALUES
    ('ABANDONNE', 'Abandonné');

INSERT INTO priam_app.PRIAM_STATUT_PROGRAMME
(CODE, LIBELLE) VALUES
    ('REPARTI', 'Réparti');


INSERT INTO priam_app.PRIAM_STATUT_PROGRAMME
(CODE, LIBELLE) VALUES
    ('MIS_EN_REPART', 'Mis en répartition');

INSERT INTO priam_app.PRIAM_PROGRAMME(NUMPROG, NOM, RION_THEORIQUE, CDEFAMILTYPUTIL, CDETYPUTIL, TYPE_REPART, DATE_CREATION, STATUT_PROG_CODE, RION_PAIEMENT)
    VALUES ('PR170001', 'Programme 01', 619, 'COPIEPRIV','CPRIVAUDPL', 'OEUVRE', CURDATE(), 'EN_COURS', NULL);

INSERT INTO priam_app.PRIAM_PROGRAMME(NUMPROG, NOM, RION_THEORIQUE, CDEFAMILTYPUTIL, CDETYPUTIL, TYPE_REPART, DATE_CREATION, STATUT_PROG_CODE, RION_PAIEMENT)
VALUES ('PR170002', 'Programme 02', 619, 'COPIEPRIV','CPRIVAUDPL', 'OEUVRE', CURDATE(), 'EN_COURS', NULL);

INSERT INTO priam_app.PRIAM_PROGRAMME(NUMPROG, NOM, RION_THEORIQUE, CDEFAMILTYPUTIL, CDETYPUTIL, TYPE_REPART, DATE_CREATION, STATUT_PROG_CODE, RION_PAIEMENT)
VALUES ('PR170003', 'Programme 03', 619, 'COPIEPRIV','CPRIVAUDPL', 'OEUVRE', CURDATE(), 'EN_COURS', NULL);


INSERT INTO priam_app.PRIAM_PROGRAMME(NUMPROG, NOM, RION_THEORIQUE, CDEFAMILTYPUTIL, CDETYPUTIL, TYPE_REPART, DATE_CREATION, STATUT_PROG_CODE, RION_PAIEMENT)
VALUES ('PR170004', 'Programme 04', 619, 'COPIEPRIV','CPRIVAUDPL', 'OEUVRE', CURDATE(), 'EN_COURS', NULL);

INSERT INTO priam_app.PRIAM_PROGRAMME(NUMPROG, NOM, RION_THEORIQUE, CDEFAMILTYPUTIL, CDETYPUTIL, TYPE_REPART, DATE_CREATION, STATUT_PROG_CODE, RION_PAIEMENT)
VALUES ('PR170006', 'Programme 05', 619, 'COPIEPRIV','CPRIVAUDPL', 'OEUVRE', CURDATE(), 'EN_COURS', NULL);


INSERT INTO priam_app.PRIAM_PROGRAMME(NUMPROG, NOM, RION_THEORIQUE, CDEFAMILTYPUTIL, CDETYPUTIL, TYPE_REPART, DATE_CREATION, STATUT_PROG_CODE, RION_PAIEMENT)
VALUES ('PR170007', 'Programme 07', 619, 'COPIEPRIV','CPRIVAUDPL', 'OEUVRE', CURDATE(), 'EN_COURS', NULL);


INSERT INTO priam_app.PRIAM_PROGRAMME(NUMPROG, NOM, RION_THEORIQUE, CDEFAMILTYPUTIL, CDETYPUTIL, TYPE_REPART, DATE_CREATION, STATUT_PROG_CODE, RION_PAIEMENT)
VALUES ('PR170008', 'Programme 08', 619, 'COPIEPRIV','CPRIVAUDPL', 'OEUVRE', CURDATE(), 'EN_COURS', NULL);


INSERT INTO priam_app.PRIAM_PROGRAMME(NUMPROG, NOM, RION_THEORIQUE, CDEFAMILTYPUTIL, CDETYPUTIL, TYPE_REPART, DATE_CREATION, STATUT_PROG_CODE, RION_PAIEMENT)
VALUES ('PR170009', 'Programme 09', 619, 'COPIEPRIV','CPRIVAUDPL', 'OEUVRE', CURDATE(), 'EN_COURS', NULL);


INSERT INTO priam_app.PRIAM_PROGRAMME(NUMPROG, NOM, RION_THEORIQUE, CDEFAMILTYPUTIL, CDETYPUTIL, TYPE_REPART, DATE_CREATION, STATUT_PROG_CODE, RION_PAIEMENT)
VALUES ('PR170010', 'Programme 10', 619, 'COPIEPRIV','CPRIVAUDPL', 'OEUVRE', CURDATE(), 'EN_COURS', NULL);
