
-- ------------------------------------------
-- -------- TABLE PRIAM_STATUT --------------
-- ------------------------------------------
INSERT INTO PRIAM_STATUT
(CODE, LIBELLE, DESCRIPTION) VALUES
  ('EN_COURS', 'En cours', 'En cours de chargement');

INSERT INTO PRIAM_STATUT
(CODE, LIBELLE, DESCRIPTION) VALUES
  ('OK', 'OK', 'Chargement OK');

INSERT INTO PRIAM_STATUT
(CODE, LIBELLE, DESCRIPTION) VALUES
  ('KO', 'KO', 'Chargement KO');

INSERT INTO PRIAM_STATUT
(CODE, LIBELLE, DESCRIPTION) VALUES
  ('AFFECTE', 'Affecte', 'Fichier Affecte');

INSERT INTO PRIAM_STATUT
(CODE, LIBELLE, DESCRIPTION) VALUES
  ('ABONDONNE', 'Abondonne', 'Fichier Abondonne.');

-- ---------------------------------------------------
-- ------ TABLE SAREFTJ_LIBFAMITYPUTIL --------------
-- -------------------------------------------------
INSERT INTO SAREFTJ_LIBFAMITYPUTIL (CODE, LIBELLE, CDELNG) VALUES
  ('COPIEPRIV', 'Copie Privée', 'FR');

INSERT INTO SAREFTJ_LIBFAMITYPUTIL
(CODE, LIBELLE, CDELNG) VALUES
  ('FDSVAL', 'Valorisation', 'FR');

INSERT INTO SAREFTJ_LIBFAMITYPUTIL
(CODE, LIBELLE, CDELNG) VALUES
  ('CMS', 'CMS', 'FR');

-- ---------------------------------------------------
-- ------ TABLE SAREFFT_LIBTYPUTIL ------------------------
-- ---------------------------------------------------
INSERT INTO SAREFFT_LIBTYPUTIL (CODE, LIBELLE, CDELNG)
VALUES ('CPRIVSONPH', 'Copie privée sonore Phono', 'FR');

INSERT INTO SAREFFT_LIBTYPUTIL (CODE, LIBELLE, CDELNG)
VALUES ('CPRIVAUDV', 'Copie Privée Audiovisuelle', 'FR');

INSERT INTO SAREFFT_LIBTYPUTIL (CODE, LIBELLE, CDELNG)
VALUES ('CPRIVSONRD', 'Copie Privée Sonore radio', 'FR');

INSERT INTO SAREFFT_LIBTYPUTIL (CODE, LIBELLE, CDELNG)
VALUES ('COPRIVSON', 'Copie Privée Sonore', 'FR');

INSERT INTO SAREFFT_LIBTYPUTIL (CODE, LIBELLE, CDELNG)
VALUES ('CPRIVAUDPL', 'Copie Privée Audiovisuel - Part Littéraire', 'FR');

INSERT INTO SAREFFT_LIBTYPUTIL (CODE, LIBELLE, CDELNG)
VALUES ('CPRIVSONPH', 'Private copy sound (PHONO)', 'EN');

INSERT INTO SAREFFT_LIBTYPUTIL (CODE, LIBELLE, CDELNG)
VALUES ('CPRIVAUDV', 'Private copy audiovisual', 'EN');

INSERT INTO SAREFFT_LIBTYPUTIL (CODE, LIBELLE, CDELNG)
VALUES ('CPRIVSONRD', 'Private copy sound', 'EN');

INSERT INTO SAREFFT_LIBTYPUTIL (CODE, LIBELLE, CDELNG)
VALUES ('COPRIVSON', 'Copie Privée Sonore', 'EN');

INSERT INTO SAREFFT_LIBTYPUTIL (CODE, LIBELLE, CDELNG)
VALUES ('PRIME', 'Prime', 'FR');

INSERT INTO SAREFFT_LIBTYPUTIL (CODE, LIBELLE, CDELNG)
VALUES ('VALORIS', 'Fonds de valorisation', 'FR');

INSERT INTO SAREFFT_LIBTYPUTIL (CODE, LIBELLE, CDELNG)
VALUES ('ENCOURG', 'Encouragement', 'FR');

-- ---------------------------------------------------
-- ------ TABLE SAREFFT_FAMILTYPUTIL -------------------
-- ---------------------------------------------------
INSERT INTO SAREFFT_FAMILTYPUTIL (CDEFAMILTYPUTIL, DATDBTVLD, DATFINVLD)
VALUES ('COPIEPRIV', CURDATE(), NULL);

INSERT INTO SAREFFT_FAMILTYPUTIL (CDEFAMILTYPUTIL, DATDBTVLD, DATFINVLD)
VALUES ('FDSVAL', CURDATE(), NULL);

INSERT INTO SAREFFT_FAMILTYPUTIL (CDEFAMILTYPUTIL, DATDBTVLD, DATFINVLD)
VALUES ('CMS', CURDATE(), NULL);

INSERT INTO SAREFFT_FAMILTYPUTIL (CDEFAMILTYPUTIL, DATDBTVLD, DATFINVLD)
VALUES ('DTSGEN', CURDATE(), NULL);

-- ---------------------------------------------------
-- ------ TABLE SAREFTR_TYPUTIL -------------------
-- ---------------------------------------------------
INSERT INTO SAREFTR_TYPUTIL (CDETYPUTIL, CDEFAMILTYPUTIL, DATDBTVLD, DATFINVLD)
VALUES ('CPRIVSONPH', 'COPIEPRIV', CURDATE(), NULL);

INSERT INTO SAREFTR_TYPUTIL (CDETYPUTIL, CDEFAMILTYPUTIL, DATDBTVLD, DATFINVLD)
VALUES ('CPRIVAUDV', 'COPIEPRIV', CURDATE(), NULL);

INSERT INTO SAREFTR_TYPUTIL (CDETYPUTIL, CDEFAMILTYPUTIL, DATDBTVLD, DATFINVLD)
VALUES ('CPRIVSONRD', 'COPIEPRIV', CURDATE(), NULL);

INSERT INTO SAREFTR_TYPUTIL (CDETYPUTIL, CDEFAMILTYPUTIL, DATDBTVLD, DATFINVLD)
VALUES ('COPRIVSON', 'COPIEPRIV', CURDATE(), NULL);

INSERT INTO SAREFTR_TYPUTIL (CDETYPUTIL, CDEFAMILTYPUTIL, DATDBTVLD, DATFINVLD)
VALUES ('CPRIVAUDPL', 'COPIEPRIV', CURDATE(), NULL);

INSERT INTO SAREFTR_TYPUTIL (CDETYPUTIL, CDEFAMILTYPUTIL, DATDBTVLD, DATFINVLD)
VALUES ('PRIME', 'FDSVAL', CURDATE(), NULL);

INSERT INTO SAREFTR_TYPUTIL (CDETYPUTIL, CDEFAMILTYPUTIL, DATDBTVLD, DATFINVLD)
VALUES ('CONCERT', 'DTSGEN', CURDATE(), NULL);


INSERT INTO SAREFTR_TYPUTIL (CDETYPUTIL, CDEFAMILTYPUTIL, DATDBTVLD, DATFINVLD)
VALUES ('ENCOURG', 'CMS', CURDATE(), NULL);

INSERT INTO SAREFTR_TYPUTIL (CDETYPUTIL, CDEFAMILTYPUTIL, DATDBTVLD, DATFINVLD)
VALUES ('FD06', 'FDSVAL', CURDATE(), NULL);

INSERT INTO SAREFTR_TYPUTIL (CDETYPUTIL, CDEFAMILTYPUTIL, DATDBTVLD, DATFINVLD)
VALUES ('FD12', 'FDSVAL', CURDATE(), NULL);

INSERT INTO SAREFTR_TYPUTIL (CDETYPUTIL, CDEFAMILTYPUTIL, DATDBTVLD, DATFINVLD)
VALUES ('FD01', 'FDSVAL', CURDATE(), NULL);

INSERT INTO SAREFTR_TYPUTIL (CDETYPUTIL, CDEFAMILTYPUTIL, DATDBTVLD, DATFINVLD)
VALUES ('FD03', 'FDSVAL', CURDATE(), NULL);

INSERT INTO PRIAM_FICHIER
(ID, NOM, CDEFAMILTYPUTIL, CDETYPUTIL, DATE_DEBUT_CHGT, DATE_FIN_CHGT, NB_LIGNES, STATUT_CODE, STATUT_ENRICHISSEEMNT)
VALUES (1, 'FF_PENEF_EXTRANA_FD06', 'FDSVAL', 'FD06', '2017-04-01 17:15:14', '2017-04-01 22:10:11', 1, 'CHARGEMENT_OK', 'IN_SRV_INFO_OEUVRE');


INSERT INTO PRIAM_LIGNE_PROGRAMME_FV (ID_FICHIER, cdeCisac, cdeFamilTypUtil,cdeTypIde12, ide12, durDif,nbrDif, mt, cdeLng, titreOeuvre, nomParticipant1, cdeTypUtilOri)
VALUES (1, 58, 'FDSVAL','COCV', 2379416911, 0, 4, 0, 'FR', 'LA CORSE', 'PART 1', 'FD');
INSERT INTO `SAREFTJ_LIBUTIL` VALUES ('FR','ZUNE','Microsoft Zune','Microsoft zune','2012-03-27','FRIESP','2014-12-01','LIETH',NULL);
