USE priam_app;

INSERT INTO `PRIAM_ROLE` (`ID`, `EXTERNAL_ID`, `ROLE`) VALUES (4,'Gest_CP','Gest_CP');
INSERT INTO `PRIAM_ROLE` (`ID`, `EXTERNAL_ID`, `ROLE`) VALUES (5,'Gest_CMS','Gest_CMS');

INSERT INTO `PRIAM_ROLE_RIGHTS` (`ROLE_ID`, `RIGHTS`, `LIBELLE`) VALUES (4,'CRTPRG','Creation de programme');
INSERT INTO `PRIAM_ROLE_RIGHTS` (`ROLE_ID`, `RIGHTS`, `LIBELLE`) VALUES (5,'CRTPRG','Creation de programme');

INSERT INTO `PRIAM_ROLE_RIGHTS` (`ROLE_ID`, `RIGHTS`, `LIBELLE`) VALUES (4,'READPRG','Acces ecran programme');
INSERT INTO `PRIAM_ROLE_RIGHTS` (`ROLE_ID`, `RIGHTS`, `LIBELLE`) VALUES (5,'READPRG','Acces ecran programme');

INSERT INTO `PRIAM_ROLE_RIGHTS` (`ROLE_ID`, `RIGHTS`, `LIBELLE`) VALUES (4,'MDYPRG','Modification de programme');
INSERT INTO `PRIAM_ROLE_RIGHTS` (`ROLE_ID`, `RIGHTS`, `LIBELLE`) VALUES (5,'MDYPRG','Modification de programme');

INSERT INTO `PRIAM_ROLE_RIGHTS` (`ROLE_ID`, `RIGHTS`, `LIBELLE`) VALUES (4,'ABDPRG','Abandon de programme');
INSERT INTO `PRIAM_ROLE_RIGHTS` (`ROLE_ID`, `RIGHTS`, `LIBELLE`) VALUES (5,'ABDPRG','Abandon de programme');

INSERT INTO `PRIAM_ROLE_RIGHTS` (`ROLE_ID`, `RIGHTS`, `LIBELLE`) VALUES (4,'MSEREP','Mise en repartition');
INSERT INTO `PRIAM_ROLE_RIGHTS` (`ROLE_ID`, `RIGHTS`, `LIBELLE`) VALUES (5,'MSEREP','Mise en repartition');

INSERT INTO `PRIAM_ROLE_RIGHTS` (`ROLE_ID`, `RIGHTS`, `LIBELLE`) VALUES (4,'RECAFC','Enregistrement affectation');
INSERT INTO `PRIAM_ROLE_RIGHTS` (`ROLE_ID`, `RIGHTS`, `LIBELLE`) VALUES (5,'RECAFC','Enregistrement affectation');

INSERT INTO `PRIAM_ROLE_RIGHTS` (`ROLE_ID`, `RIGHTS`, `LIBELLE`) VALUES (4,'EDTAFC','Edition affectation');
INSERT INTO `PRIAM_ROLE_RIGHTS` (`ROLE_ID`, `RIGHTS`, `LIBELLE`) VALUES (5,'EDTAFC','Edition affectation');

INSERT INTO `PRIAM_ROLE_RIGHTS` (`ROLE_ID`, `RIGHTS`, `LIBELLE`) VALUES (4,'EDTSEL','Edition selection');
INSERT INTO `PRIAM_ROLE_RIGHTS` (`ROLE_ID`, `RIGHTS`, `LIBELLE`) VALUES (5,'EDTSEL','Edition selection');

INSERT INTO `PRIAM_ROLE_RIGHTS` (`ROLE_ID`, `RIGHTS`, `LIBELLE`) VALUES (4,'INVSEL','Invalider selection');
INSERT INTO `PRIAM_ROLE_RIGHTS` (`ROLE_ID`, `RIGHTS`, `LIBELLE`) VALUES (5,'INVSEL','Invalider selection');

INSERT INTO `PRIAM_ROLE_RIGHTS` (`ROLE_ID`, `RIGHTS`, `LIBELLE`) VALUES (4,'CLDSEL','Annuler selection');
INSERT INTO `PRIAM_ROLE_RIGHTS` (`ROLE_ID`, `RIGHTS`, `LIBELLE`) VALUES (5,'CLDSEL','Annuler selection');

INSERT INTO `PRIAM_ROLE_RIGHTS` (`ROLE_ID`, `RIGHTS`, `LIBELLE`) VALUES (4,'VLDSEL','Valider selection');
INSERT INTO `PRIAM_ROLE_RIGHTS` (`ROLE_ID`, `RIGHTS`, `LIBELLE`) VALUES (5,'VLDSEL','Valider selection');

INSERT INTO `PRIAM_ROLE_RIGHTS` (`ROLE_ID`, `RIGHTS`, `LIBELLE`) VALUES (4,'ABDCHGT','Abandon de fichier');
INSERT INTO `PRIAM_ROLE_RIGHTS` (`ROLE_ID`, `RIGHTS`, `LIBELLE`) VALUES (5,'ABDCHGT','Abandon de fichier');

DROP TABLE IF EXISTS PRIAM_CATALOGUE_OCTAV;
CREATE TABLE PRIAM_CATALOGUE_OCTAV (
  ID bigint(20) NOT NULL AUTO_INCREMENT,
  TYPE_CMS VARCHAR(3),
  IDE12 bigint(20) DEFAULT NULL,
  TITRE VARCHAR(255),
  ROLE VARCHAR(255),
  PARTICIPANT VARCHAR(255),

  PRIMARY KEY (ID)

) ENGINE=InnoDB DEFAULT CHARSET=utf8;

ALTER TABLE PRIAM_PROGRAMME
ADD `STATUT_ELIGIBILITE` varchar(25) DEFAULT NULL COMMENT 'status d eligibilite';


DROP TABLE IF EXISTS `PRIAM_ELIGIBILITE_STATUT_PROGRAMME`;
CREATE TABLE `PRIAM_ELIGIBILITE_STATUT_PROGRAMME` (
  `CODE` varchar(50) NOT NULL,
  `LIBELLE` varchar(255) DEFAULT NULL,
  PRIMARY KEY (`CODE`)
) ENGINE=InnoDB DEFAULT CHARSET=utf8;

INSERT INTO `PRIAM_ELIGIBILITE_STATUT_PROGRAMME` (`CODE`, `LIBELLE`) VALUES ('EN_ATTENTE_ELIGIBILITE',' en attente eligibilité');
INSERT INTO `PRIAM_ELIGIBILITE_STATUT_PROGRAMME` (`CODE`, `LIBELLE`) VALUES ('EN_COURS_ELIGIBILITE','en cours eligibilité');
INSERT INTO `PRIAM_ELIGIBILITE_STATUT_PROGRAMME` (`CODE`, `LIBELLE`) VALUES ('FIN_ELIGIBILITE','fin traitement eligibilité');



DROP TABLE IF EXISTS PRIAM_TRAITEMENT_ELIGIBILITE_CMS;
CREATE TABLE PRIAM_TRAITEMENT_ELIGIBILITE_CMS (
  ID bigint(20) NOT NULL AUTO_INCREMENT,
  DATE_DEBUT_TMT DATETIME DEFAULT NULL,
  DATE_FIN_TMT DATETIME DEFAULT NULL,
  NUMPROG VARCHAR(10) DEFAULT NULL,
  STATUT_ELIGIBILITE VARCHAR(50) DEFAULT NULL,
  NB_OEUVRES_CATALOGUE BIGINT DEFAULT NULL,
  NB_OEUVRES_RETENUES BIGINT DEFAULT NULL,
  NB_OEUVRES_EXTRACT BIGINT DEFAULT NULL,
  SOMME_POINTS DOUBLE DEFAULT NULL,

  PRIMARY KEY (ID),


  CONSTRAINT `FK_TMT_NUMPROG` FOREIGN KEY (`NUMPROG`) REFERENCES `PRIAM_PROGRAMME`(`NUMPROG`),
  CONSTRAINT `FK_STATUT_ELIGIBILITE` FOREIGN KEY (`STATUT_ELIGIBILITE`) REFERENCES `PRIAM_ELIGIBILITE_STATUT_PROGRAMME`(`CODE`)

) ENGINE=InnoDB DEFAULT CHARSET=utf8;

DROP VIEW IF EXISTS PRIAM_PROG_VIEW ;
create view PRIAM_PROG_VIEW as
  SELECT DISTINCT
    pr.NUMPROG                                                         AS NUMPROG,
    pr.NOM                                                             AS NOM,
    pr.RION_THEORIQUE                                                  AS RION_THEORIQUE,
    pr.CDEFAMILTYPUTIL                                                 AS CDEFAMILTYPUTIL,
    pr.CDETYPUTIL                                                      AS CDETYPUTIL,
    pr.TYPE_REPART                                                     AS TYPE_REPART,
    pr.DATE_CREATION                                                   AS DATE_CREATION,
    pr.STATUT_PROG_CODE                                                AS STATUT_PROG_CODE,
    pr.RION_PAIEMENT                                                   AS RION_PAIEMENT,
    pr.USERCRE                                                         AS USERCRE,
    pr.DATMAJ                                                          AS DATMAJ,
    pr.USERMAJ                                                         AS USERMAJ,
    pr.DATAFFECT                                                       AS DATAFFECT,
    pr.USERAFFECT                                                      AS USERAFFECT,
    (SELECT count(f.NUMPROG)
     FROM PRIAM_FICHIER f
     WHERE ((pr.NUMPROG = f.NUMPROG) AND (f.SOURCE_AUTO = 1))) AS fichiers,
    pr.DATE_DBT_PRG                                                    AS DATEDBTPRG,
    pr.DATE_FIN_PRG                                                    AS DATEFINPRG,
    pr.CDE_TER                                                         AS CDETER,
    pr.USER_VALIDATION                                                 AS USERVALIDATION,
    pr.DATE_VALIDATION                                                 AS DATEVALIDATION,
    ff.STATUT                                                          AS STATUT_FICHIER_FELIX,
    pr.DATE_REPARTITION                                                AS DATE_REPARTITION,
    pr.STATUT_ELIGIBILITE                                              AS STATUT_ELIGIBILITE
  FROM (PRIAM_PROGRAMME pr LEFT JOIN PRIAM_FICHIER_FELIX ff
      ON ((ff.NUMPROG = pr.NUMPROG)))
  GROUP BY pr.NUMPROG;


DROP TABLE IF EXISTS `PRIAM_FICHIER_OCTAV`;
CREATE TABLE `PRIAM_FICHIER_OCTAV` (
  `ID` bigint(20) NOT NULL AUTO_INCREMENT COMMENT 'identifiant technique',
  `NOM` varchar(255) DEFAULT NULL COMMENT 'Nom du fichier',
  `CDEFAMILTYPUTIL` varchar(10) DEFAULT NULL COMMENT 'Famille',
  `CDETYPUTIL` varchar(10) DEFAULT NULL COMMENT 'Type utilisation',
  `DATE_DEBUT_CHGT` datetime DEFAULT NULL COMMENT 'Dete de Debut de chargement',
  `DATE_FIN_CHGT` datetime DEFAULT NULL COMMENT 'Dete de Fin de chargement',
  `NB_LIGNES` bigint(20) DEFAULT NULL COMMENT 'Nombre de lignes dans le fichier',
  `STATUT_CODE` varchar(255) DEFAULT NULL COMMENT 'Statut primut du fichier',
  `NUMPROG` varchar(8) DEFAULT NULL,
   TYPE_FICHIER VARCHAR(5) DEFAULT NULL,

  PRIMARY KEY (`ID`),
  KEY `FK_FAMILLE_2` (`CDEFAMILTYPUTIL`),
  KEY `FK_TYPE_UTIL_2` (`CDETYPUTIL`),
  KEY `FK_STATUT_CODE_2` (`STATUT_CODE`),
  KEY `PRIAM_FICHIER_OCTAV__index` (`ID`),
  KEY `FK_NUMPROG_2` (`NUMPROG`),
  CONSTRAINT `FK_FAMILLE_2` FOREIGN KEY (`CDEFAMILTYPUTIL`) REFERENCES `SAREFTR_FAMILTYPUTIL` (`CDEFAMILTYPUTIL`),
  CONSTRAINT `FK_TYPE_UTIL_2` FOREIGN KEY (`NUMPROG`) REFERENCES `PRIAM_PROGRAMME` (`NUMPROG`),
  CONSTRAINT `FK_STATUT_CODE_2` FOREIGN KEY (`STATUT_CODE`) REFERENCES `PRIAM_STATUT` (`CODE`),
  CONSTRAINT `FK_NUMPROG_2` FOREIGN KEY (`CDETYPUTIL`) REFERENCES `SAREFTR_TYPUTIL` (`CDETYPUTIL`)
) ENGINE=InnoDB DEFAULT CHARSET=utf8;


commit;